"Crude Name","Acronym","Date","Batch #","Location","Density (kg/m^3)","Gravity (deg. API)","Sulphur (wt%)","MCR (wt%)","Nickel (mg/kg)","Vanadium (mg/kg)","Olefins (wt%)","C3- (vol%)","Butanes (vol%)","Pentanes (vol%)","Hexanes (vol%)","Heptanes (vol%)","Octanes (vol%)","Nonanes (vol%)","Decanes (vol%)","Benzene (vol%)","Toluene (vol%)","Ethyl Benzene (vol%)","Xylenes (vol%)","C3- (mass%)","Butanes (mass%)","Pentanes (mass%)","Hexanes (mass%)","Heptanes (mass%)","Octanes (mass%)","Nonanes (mass%)","Decanes (mass%)","Benzene (mass%)","Toluene (mass%)","Ethyl Benzene (mass%)","Xylenes (mass%)","5% Off (deg. C)","10% Off (deg. C)","20% Off (deg. C)","30% Off (deg. C)","40% Off (deg. C)","50% Off (deg. C)","60% Off (deg. C)","70% Off (deg. C)","80% Off (deg. C)","90% Off (deg. C)","95% Off (deg. C)","99% Off (deg. C)","100% Off (deg. C)"
"Mixed Sweet Blend","MSW","2021-04-06","MSW-698","Edmonton","820","40.9","0.31","1.5","2.9","5.2","","0.55","4.55","3.51","6.2","7.72","7.57","5.58","2.64","0.25","0.76","0.24","1.05","0.33","3.23","2.69","5.01","6.47","6.52","4.91","2.36","0.27","0.81","0.25","1.11","","","","","","","","","","","","",""
"Mixed Sweet Blend","MSW","2021-03-03","MSW-777","Edmonton","818.5","41.2","0.41","1.9","4.3","8.8","","0.41","4.14","4.13","6.59","7.98","7.6","5.54","2.6","0.27","0.85","0.23","1.04","0.25","2.95","3.17","5.34","6.7","6.56","4.88","2.33","0.29","0.9","0.24","1.1","42.6","87.7","125.5","175.4","233.7","291.6","349.4","414.8","490.9","615.5","","",""
"Mixed Sweet Blend","MSW","2021-02-05","MSW-644","Edmonton","828.7","39.1","0.37","1.8","3.7","6.9","","0.54","4.52","3.57","6.21","7.52","7.29","5.4","2.64","0.23","0.76","0.22","0.98","0.32","3.18","2.71","4.97","6.24","6.22","4.7","2.34","0.25","0.8","0.23","1.03","","","","","","","","","","","","",""
"Mixed Sweet Blend","MSW","2021-01-15","MSW-846","Edmonton","815.6","41.8","0.38","1.6","3.3","7.8","","0.55","4.38","4.9","7.33","8.29","7.9","5.46","2.76","0.28","0.84","0.23","1.09","0.33","3.13","3.78","5.96","6.99","6.84","4.83","2.48","0.3","0.9","0.25","1.16","44.9","94.7","128.5","176.3","234.2","292","349.3","412.4","490.5","607.6","","",""
"Mixed Sweet Blend","MSW","2020-12-14","MSW-729","Edmonton","817.1","41.5","0.35","1.4","2.8","5.2","","0.53","4.35","3.87","6.49","7.87","8.02","6.2","2.87","0.28","0.83","0.27","1.1","0.32","3.1","2.98","5.27","6.62","6.93","5.47","2.58","0.3","0.88","0.29","1.17","","","","","","","","","","","","",""
"Mixed Sweet Blend","MSW","2020-11-19","MSW-756","Edmonton","817.1","41.5","0.34","1.4","2.3","4.3","","0.62","4.54","3.59","6.49","8.04","7.97","5.87","2.66","0.29","0.89","0.25","1.14","0.37","3.24","2.76","5.27","6.76","6.89","5.18","2.39","0.31","0.95","0.27","1.21","43.5","93.9","134.9","189","246.8","301.7","360.7","424.4","499","607.6","707","",""
"Mixed Sweet Blend","MSW","2020-10-15","MSW-909","Edmonton","820.8","40.8","0.28","1.4","1.9","3.9","","0.6","4.74","3.1","6.1","7.68","7.39","5.31","2.54","0.26","0.84","0.24","1.06","0.36","3.36","2.37","4.93","6.43","6.36","4.66","2.27","0.28","0.89","0.25","1.12","","","","","","","","","","","","",""
"Mixed Sweet Blend","MSW","2020-09-11","MSW-830","Edmonton","818.1","41.3","0.31","1.4","2.4","4.8","","0.53","4.72","3.3","6.33","8","7.9","5.78","2.73","0.27","0.88","0.24","1.2","0.32","3.36","2.53","5.13","6.72","6.82","5.1","2.45","0.29","0.94","0.26","1.27","62.3","101.9","140.2","197.4","255.7","312.8","372.9","436.7","513.5","638","","",""
"Mixed Sweet Blend","MSW","2020-08-03","MSW-699","Edmonton","808.6","43.3","0.34","1.4","2.6","4.9","ND","0.53","4.71","4.59","7.39","8.86","8.62","6.13","2.79","0.31","1.02","0.24","1.39","0.32","3.4","3.57","6.07","7.53","7.53","5.47","2.53","0.34","1.1","0.26","1.49","","","","","","","","","","","","",""
"Mixed Sweet Blend","MSW","2020-07-07","MSW-871","Edmonton","809","43.3","0.3","1.2","2.3","4.3","","0.53","4.64","4.34","7.21","8.67","8.27","5.79","2.79","0.31","0.98","0.23","1.26","0.32","3.34","3.37","5.91","7.36","7.22","5.16","2.53","0.34","1.05","0.25","1.35","46.1","83.6","116.7","162.3","217.6","273.8","332.2","399.1","472.4","586.9","712.6","",""
"Mixed Sweet Blend","MSW","2020-06-10","MSW-744","Edmonton","808.8","43.3","0.29","1.3","2.3","4.6","","0.5","4.56","4.82","7.64","8.88","8.22","5.63","2.71","0.34","1.09","0.22","1.34","0.3","3.28","3.74","6.26","7.54","7.17","5.02","2.46","0.37","1.17","0.24","1.44","","","","","","","","","","","","",""
"Mixed Sweet Blend","MSW","2020-03-03","MSW-678","Edmonton","823.4","40.2","0.41","1.7","4.2","8.4","","0.66","4.44","3.62","5.96","7.26","7.27","5.95","2.4","0.2","0.63","0.19","0.88","0.39","3.14","2.76","4.8","6.06","6.24","5.21","2.14","0.21","0.67","0.2","0.93","71.3","102","139.6","187.5","243.5","296","347.4","403.4","471.8","570.9","652.1","",""
"Mixed Sweet Blend","MSW","2020-02-08","MSW-612","Edmonton","828","39.3","0.45","2","5","9.7","","0.54","4.51","3.68","5.67","6.91","6.86","5.56","2.37","0.19","0.57","0.18","0.76","0.32","3.17","2.79","4.54","5.73","5.85","4.84","2.1","0.2","0.6","0.19","0.8","","","","","","","","","","","","",""
"Mixed Sweet Blend","MSW","2020-01-10","MSW-950","Edmonton","814.4","42.1","0.41","1.5","3.4","7.5","","0.47","4.21","3.33","5.89","7.38","7.38","5.9","2.49","0.21","0.69","0.21","0.88","0.29","3.01","2.57","4.8","6.23","6.4","5.23","2.24","0.23","0.74","0.22","0.94","73.2","100.9","131.8","184.2","243.2","299","353.6","414","482.2","595","718.7","",""
"Mixed Sweet Blend","MSW","2019-12-04","MSW-654","Edmonton","816.8","41.6","0.41","1.6","3.3","7.4","","0.5","4.15","3.69","5.81","6.61","5.28","3.51","","0.21","0.65","0.1","0.99","0.3","2.96","2.84","4.72","5.56","4.56","3.1","-","0.23","0.69","0.11","1.05","35.9","72.1","130.7","179.7","237.3","293.7","353.6","419.3","500.5","628.8","","",""
"Mixed Sweet Blend","MSW","2019-11-06","MSW-844","Edmonton","819.7","41","0.39","1.5","3.6","8.3","","0.52","4.35","3.7","5.81","7.18","4.31","3.36","","0.21","0.67","0.1","0.95","0.31","3.1","2.84","4.7","6.02","3.72","2.96","-","0.23","0.71","0.11","1.01","36.1","76.7","124.5","179.5","235.9","292.7","347.9","409","481.4","598.4","","",""
"Mixed Sweet Blend","MSW","2019-10-09","MSW-894","Edmonton","812.5","42.5","0.43","1.7","4","8.5","","0.42","4.51","4.6","5.61","8.46","5.18","3.46","","0.23","0.78","0.09","1.09","0.26","3.24","3.56","4.58","7.16","4.5","3.07","-","0.25","0.84","0.1","1.16","27.8","68.7","112.7","160.5","216.4","275.1","333.3","400.1","475.5","590.7","707.8","",""
"Mixed Sweet Blend","MSW","2019-09-03","MSW-955","Edmonton","811.1","42.8","0.42","1.3","2.8","6.4","","0.48","3.94","4.55","5.66","8.48","5.61","3.46","","0.24","0.84","0.11","1.21","0.29","2.83","3.52","4.63","7.19","4.88","3.08","-","0.26","0.9","0.12","1.29","36.1","68.7","113.5","165.6","216.3","270.7","328","391.8","464.2","573.6","683.8","",""
"Mixed Sweet Blend","MSW","2019-08-02","MSW-647","Edmonton","811.9","42.6","0.36","1.6","3.4","6.7","ND","0.34","3.85","4.74","5.98","6.96","5.64","3.47","","0.27","0.93","0.1","1.23","0.21","2.76","3.67","4.88","5.89","4.9","3.08","-","0.29","1","0.11","1.31","36.1","68.7","110.4","156","213.8","270.1","328.7","394.7","467.2","580.4","695.2","",""
"Mixed Sweet Blend","MSW","2019-07-07","MSW-781","Edmonton","819.9","40.9","0.34","1.7","3.3","6.4","","0.59","4.05","3.75","4.87","5.71","4.97","3.48","","0.22","0.69","0.11","0.95","0.36","2.88","2.87","3.94","4.78","4.28","3.06","-","0.24","0.73","0.12","1","36.1","76.7","124.1","191.4","248.1","304.3","366.3","434.1","518","664.4","","",""
"Mixed Sweet Blend","MSW","2019-06-03","MSW-789","Edmonton","815.7","41.8","0.31","1.6","3.2","5.3","","0.41","4.78","4.38","6.77","7.87","5.99","4.03","","0.24","0.81","0.11","1.16","0.25","3.42","3.38","5.51","6.64","5.19","3.57","-","0.26","0.87","0.12","1.23","27.8","68.7","110.4","150.8","225.2","282","337","398.5","464.4","560.3","636.9","",""
"Mixed Sweet Blend","MSW","2019-05-10","MSW-608","Edmonton","810.9","42.9","0.31","1.1","2.4","4.2","","0.45","3.72","3.71","5.63","6.5","5.02","3.24","","0.2","0.68","0.17","0.99","0.28","2.67","2.87","4.6","5.51","4.37","2.88","-","0.22","0.73","0.18","1.06","36.1","73.5","117.4","167.6","225.7","281.6","335.3","391.8","460.3","569.9","684.7","",""
"Mixed Sweet Blend","MSW","2019-04-02","MSW-784","Edmonton","818.3","41.3","0.36","1.6","2.6","6.5","","0.38","3.24","3.49","4.79","7.62","5.04","3.41","","0.2","0.7","0.17","1.03","0.23","2.31","2.68","3.88","6.4","4.35","3.01","-","0.22","0.75","0.18","1.09","36.1","82.2","129.6","178","234.4","290.5","346.2","410.2","485.5","604.4","","",""
"Mixed Sweet Blend","MSW","2019-03-03","MSW-906","Edmonton","824.4","40","0.36","1.9","3.9","7.1","","0.62","3.78","3.48","5.43","6.39","4.98","3.65","","0.19","0.59","0.11","0.89","0.37","2.67","2.65","4.37","5.33","4.27","3.19","-","0.2","0.62","0.12","0.94","36.1","84.1","125.7","193.4","249.5","304.1","361.4","423.9","505.6","636.5","","",""
"Mixed Sweet Blend","MSW","2019-02-05","MSW-613","Edmonton","819.5","41","0.38","1.6","3.3","7.2","","0.57","4.11","4.09","6.23","7.24","5.42","3.53","","0.22","0.75","0.18","1.07","0.34","2.92","3.14","5.04","6.07","4.67","3.11","-","0.24","0.8","0.19","1.13","36.1","76.7","118","164.1","220.9","276.5","331.2","394.1","462.6","565.1","662.4","",""
"Mixed Sweet Blend","MSW","2019-01-02","MSW-658","Edmonton","821.8","40.5","0.31","1.6","2.2","4.2","","0.49","3.8","3.46","5.61","6.53","4.89","3.29","","0.2","0.64","0.18","0.95","0.3","2.69","2.64","4.53","5.46","4.2","2.89","-","0.21","0.68","0.19","1","36.1","84.1","125.7","194.1","251.3","306.8","365.2","427.4","506.7","637.5","","",""
"Mixed Sweet Blend","MSW","2018-12-30","MSW-607","Edmonton","822.1","40.5","0.39","1.7","3.1","5.7","","0.49","4.06","3.61","5.63","6.43","4.89","3.28","","0.2","0.64","0.19","0.94","0.3","2.88","2.76","4.54","5.38","4.2","2.88","-","0.21","0.68","0.2","0.99","36.1","80.9","125.7","194.9","252.1","308.1","366.4","429.4","510.6","647.4","","",""
"Mixed Sweet Blend","MSW","2018-11-11","MSW-982","Edmonton","822","40.5","0.37","1.7","3.2","5.9","","0.55","3.75","3.39","5.5","7.06","4.54","3.46","","0.19","0.59","0.19","0.95","0.33","2.66","2.59","4.44","5.9","3.9","3.04","-","0.2","0.63","0.2","1","36.1","84.1","125.7","190","244.6","298","351.7","411","481.1","585.3","679","",""
"Mixed Sweet Blend","MSW","2018-10-08","MSW-708","Edmonton","821.4","40.6","0.4","1.8","3.8","7.1","","0.57","3.99","3.67","5.56","7.03","4.47","3.44","","0.19","0.62","0.18","0.96","0.34","2.83","2.81","4.49","5.88","3.84","3.02","-","0.2","0.66","0.19","1.01","36.1","84.8","136.1","184.5","239.9","294.1","348.6","409.5","477.6","579.7","667.3","",""
"Mixed Sweet Blend","MSW","2018-09-07","MSW-834","Edmonton","824.1","40.1","0.37","1.8","3.5","6.5","ND","0.46","3.92","3.12","5.29","6.86","4.25","3.37","","0.18","0.61","0.17","0.96","0.28","2.77","2.38","4.26","5.72","3.64","2.95","-","0.19","0.64","0.18","1.01","36.1","84.1","136.9","193.3","251.8","305.8","363.4","424.9","496.3","607.4","716.3","",""
"Mixed Sweet Blend","MSW","2018-08-06","MSW-635","Edmonton","817.8","41.4","0.39","1.6","5.5","7.6","","0.44","4.48","4.09","6.04","7.05","5.08","3.41","","0.2","0.74","0.16","1.07","0.27","3.19","3.14","4.9","5.92","4.39","3.01","-","0.22","0.79","0.17","1.13","36.1","68.7","123.9","166.5","221.2","274.1","326.6","386.8","451.8","540.5","607","691.1",""
"Mixed Sweet Blend","MSW","2018-07-09","MSW-905","Edmonton","815.6","41.8","0.39","1.7","3.4","6.3","","0.58","5.05","5.39","7.94","9.14","6.42","4.94","","0.28","0.95","0.22","1.08","0.35","3.61","4.15","6.46","7.71","5.56","4.37","-","0.3","1.02","0.24","1.15","27.8","66.9","115.2","160.1","216.4","269.5","323.9","384.3","451.2","546.4","620.1","",""
"Mixed Sweet Blend","MSW","2018-06-07","MSW-964","Edmonton","821.9","40.5","0.44","1.8","4","8.2","","0.46","4.5","4.3","6.36","7.29","5.42","3.59","","0.22","0.78","0.19","1.11","0.28","3.19","3.29","5.13","6.09","4.66","3.15","-","0.24","0.83","0.2","1.17","36.1","68.7","117.7","185.4","246.1","301.5","359.2","421.5","502.1","623.9","","",""
"Mixed Sweet Blend","MSW","2018-05-03","MSW-758","Edmonton","820.9","40.7","0.31","1.5","2.7","5.3","","0.57","4.49","3.47","5.78","7.07","5.06","3.69","","0.21","0.76","0.1","1.07","0.34","3.19","2.66","4.67","5.92","4.35","3.24","-","0.23","0.81","0.11","1.13","36.1","76.7","124.1","184.1","242.4","299.3","355.3","417","493.6","609.7","","",""
"Mixed Sweet Blend","MSW","2018-04-05","MSW-680","Edmonton","815.8","41.8","0.43","1.5","3.2","7.1","","0.73","6.27","5.42","8.25","9.46","7.07","5.11","","0.32","1.03","0.25","1.42","0.44","4.48","4.17","6.71","7.97","6.12","4.52","-","0.35","1.1","0.27","1.51","27.8","60.3","99.2","125.7","232.5","290.9","349.2","415","493.5","619","","",""
"Mixed Sweet Blend","MSW","2018-03-07","MSW-681","Edmonton","823.9","40.1","0.44","1.9","3.7","7.8","","0.55","4.82","3.48","5.49","6.38","4.96","3.65","","0.19","0.61","0.18","0.94","0.33","3.41","2.65","4.42","5.32","4.25","3.19","-","0.2","0.64","0.19","0.99","","","","","","","","","","","","",""
"Mixed Sweet Blend","MSW","2018-02-08","MSW-634","Edmonton","821.2","40.7","0.4","1.7","4.1","8.5","","0.5","4.72","3.93","5.82","6.55","5.88","2.48","","0.2","0.7","0.16","0.98","0.3","3.35","3.01","4.7","5.48","5.06","2.18","-","0.22","0.74","0.17","1.03","36.1","76.7","131.2","192.6","249.9","303.4","362","425.6","509","641","","",""
"Mixed Sweet Blend","MSW","2018-01-29","MSW-715","Edmonton","817.4","41.5","0.45","1.8","3.9","8.4","","0.5","4.6","3.6","5.88","6.94","5.76","4.15","","0.22","0.75","0.21","1.1","0.3","3.28","2.77","4.77","5.84","4.98","3.66","-","0.24","0.8","0.22","1.17","35.3","69","107.9","163.1","217.6","273.4","330.6","394.5","463.9","563.9","642.8","",""
"Mixed Sweet Blend","MSW","2017-12-02","MSW-667","Edmonton","820.8","40.8","0.42","1.8","3.7","8.7","","0.57","4.06","4.06","6.14","7.13","5.18","3.77","","0.23","0.79","0.18","1.08","0.34","2.88","3.11","4.96","5.97","4.46","3.31","-","0.25","0.84","0.19","1.14","36.1","76.7","124.6","175.3","233.8","292.2","350.8","417","495","609.7","712.4","",""
"Mixed Sweet Blend","MSW","2017-11-01","MSW-972","Edmonton","811.3","42.8","0.4","2.1","3","6.2","","0.5","5.45","4.84","6.7","6.85","5.52","3.89","","0.23","0.85","0.15","1.18","0.3","3.91","3.75","5.48","5.8","4.81","3.46","-","0.25","0.91","0.16","1.26","27.8","63.3","103.5","167.4","224.6","283","341.9","405.8","480.8","581.9","664.8","",""
"Mixed Sweet Blend","MSW","2017-10-01","MSW-846","Edmonton","813.8","42.2","0.42","1.8","3.8","6.8","ND","0.47","4.96","4.25","6.34","7.38","5.35","3.88","","0.24","0.86","0.18","1.14","0.29","3.55","3.28","5.17","6.23","4.64","3.44","-","0.26","0.92","0.19","1.21","27.8","68.7","113.5","160.1","217.1","275.3","332.9","397.9","470.1","576","664.8","",""
"Mixed Sweet Blend","MSW","2017-09-04","MSW-684","Edmonton","811.8","42.7","0.44","2","4.8","9.4","","0.51","4.92","4.62","6.73","7.11","5.56","3.99","","0.26","0.93","0.17","1.2","0.31","3.53","3.57","5.5","6.02","4.84","3.54","-","0.28","1","0.18","1.28","27.8","68.7","110.4","150.8","204.8","265.1","323.8","389.8","461.2","562.2","641.4","",""
"Mixed Sweet Blend","MSW","2017-08-06","MSW-814","Edmonton","813.5","42.3","0.52","2.3","4.6","10.3","","0.34","4.37","5.08","7.05","7.3","5.67","4.06","","0.26","0.92","0.18","1.24","0.21","3.13","3.92","5.75","6.17","4.92","3.6","-","0.28","0.99","0.19","1.32","27.8","68.7","110.4","150.8","201.2","263","325.1","393","466.9","570.1","651.2","",""
"Mixed Sweet Blend","MSW","2017-07-07","MSW-895","Edmonton","821.8","40.5","0.3","1.5","2.6","4.7","","0.39","3.92","3.49","6.19","7.07","6.04","4.03","","0.26","0.97","0.2","1.25","0.24","2.78","2.67","4.99","5.91","5.19","3.54","-","0.28","1.03","0.21","1.32","36.1","76.7","119.6","161.7","216.7","274.7","333.4","398.3","465.7","559.7","631.1","",""
"Mixed Sweet Blend","MSW","2017-06-02","MSW-882","Edmonton","823.7","40.1","0.43","2.2","5","9.4","","0.21","3.93","3.97","5.85","6.93","5.32","3.83","","0.2","0.76","0.15","1.09","0.13","2.79","3.03","4.71","5.79","4.56","3.36","-","0.21","0.8","0.16","1.15","36.1","76.7","124.5","170","227.5","283.7","335.4","390.6","466.2","570.3","650.6","",""
"Mixed Sweet Blend","MSW","2017-05-03","MSW-880","Edmonton","820.4","40.8","0.52","1.8","5.2","12","","0.47","4.73","4.12","5.28","8.57","5.33","3.81","","0.26","0.9","0.19","1.16","0.29","3.36","3.16","4.27","7.18","4.59","3.35","-","0.28","0.96","0.2","1.23","27.8","68.7","117.7","159.4","219.6","280","340.7","406.4","479.5","579","649.3","",""
"Mixed Sweet Blend","MSW","2017-04-08","MSW-693","Edmonton","822.2","40.5","0.44","2","4.3","8.1","","0.41","4.58","3.84","5.01","7.87","5.21","3.76","","0.22","0.76","0.18","1.02","0.25","3.25","2.93","4.04","6.58","4.48","3.3","-","0.24","0.81","0.19","1.08","36.1","76.7","124.1","164.9","223.8","284.9","344.7","410.7","482.5","588.2","686.4","",""
"Mixed Sweet Blend","MSW","2017-03-04","MSW-943","Edmonton","819","41.1","0.45","1.8","3.7","8","","0.54","5.16","4.39","5.85","9.53","5.75","4.17","","0.28","0.98","0.22","1.28","0.32","3.67","3.37","4.74","8","4.96","3.67","-","0.3","1.04","0.23","1.35","27.8","68.7","103.5","145","201.9","262.1","318.6","381.6","448.8","535.8","601.5","",""
"Mixed Sweet Blend","MSW","2017-02-02","MSW-716","Edmonton","824.6","40","0.42","1.9","3.8","8.9","","0.57","4.95","3.89","5.32","8.88","5.19","3.58","","0.27","0.94","0.2","1.19","0.34","3.5","2.97","4.28","7.41","4.45","3.13","-","0.29","0.99","0.21","1.25","27.8","68.7","115.8","160.1","219.1","277.1","333.6","396.3","461.3","548.9","611.5","687.1",""
"Mixed Sweet Blend","MSW","2017-01-16","MSW-880","Edmonton","815.8","41.8","0.47","1.6","4.1","8.1","","0.5","4.66","4.22","5.5","8.98","4.82","3.02","","0.27","0.91","0.2","1.19","0.3","3.33","3.25","4.47","7.56","4.17","2.67","-","0.29","0.97","0.21","1.26","27.8","68.7","111.8","155.9","211.9","266.1","320.4","378.1","442.7","537","600.9","681.1",""
"Mixed Sweet Blend","MSW","2016-12-04","MSW-727","Edmonton","817.5","41.4","0.42","1.8","3.7","8.3","","0.47","4.68","3.93","5.2","8.42","4.5","3.85","","0.23","0.77","0.2","1.11","0.29","3.34","3.02","4.22","7.08","3.89","3.4","-","0.25","0.82","0.21","1.18","36.1","68.7","119.4","158.6","213.5","267.9","323.6","385.4","452.3","545.3","620.6","",""
"Mixed Sweet Blend","MSW","2016-11-03","MSW-973","Edmonton","814.8","42","0.49","1.8","6","13","","0.52","4.82","4.25","5.51","9.13","4.76","3.61","","0.27","0.92","0.2","1.22","0.31","3.45","3.28","4.48","7.7","4.12","3.19","-","0.29","0.98","0.21","1.3","27.8","68.7","110.6","150.8","205.1","261.6","317.5","379.9","448.1","539.9","607.1","690.5",""
"Mixed Sweet Blend","MSW","2016-10-02","MSW-782","Edmonton","812.8","42.4","0.39","1.5","4","8","","0.29","4.22","5.47","6.1","9.78","5.73","4.3","","0.28","0.95","0.19","1.22","0.18","3.03","4.23","4.98","8.27","4.98","3.81","-","0.3","1.02","0.2","1.3","27.8","68.7","100.9","147.1","205.3","262.1","317.8","375.1","435.8","535.5","599.4","676.1",""
"Mixed Sweet Blend","MSW","2016-09-23","MSW-706","Edmonton","816.9","41.6","0.36","1.4","","","","0.42","4.28","4.24","5.54","9.61","5.85","4.41","","0.27","0.96","0.21","1.26","0.26","3.05","3.26","4.5","8.08","5.06","3.89","-","0.29","1.02","0.22","1.34","","","","","","","","","","","","",""
"Mixed Sweet Blend","MSW","2016-09-06","MSW-749","Edmonton","818.7","41.2","0.43","1.8","5","11","","0.44","4.11","4.4","6.55","7.15","6.37","3.35","","0.27","0.94","0.2","1.19","0.27","2.93","3.38","5.31","6.01","5.5","2.95","-","0.29","1","0.21","1.26","36.1","68.7","114.8","155","204.9","263.5","320","382.2","447.3","537.8","601.9","681.1",""
"Mixed Sweet Blend","MSW","2016-08-03","MSW-935","Edmonton","822.4","40.4","0.45","1.9","","","","0.19","3.92","4.18","6.93","9.52","6.81","3.45","","0.32","1.25","0.21","1.46","0.12","2.78","3.19","5.59","7.96","5.85","3.03","-","0.34","1.32","0.22","1.54","36.1","71.8","110.6","150.8","206.5","269.7","331.6","400.6","472","569.8","645.5","",""
"Mixed Sweet Blend","MSW","2016-07-10","MSW-616","Edmonton","812.6","42.5","0.39","1.6","","","","0.53","5.01","5.5","8.06","9.58","7.53","3.88","","0.33","1.15","0.22","1.5","0.32","3.6","4.25","6.58","8.11","6.55","3.45","-","0.36","1.23","0.24","1.6","27.8","63.3","98.4","131.8","172.3","231.1","292.3","352.4","419.7","510.7","578.7","658",""
"Mixed Sweet Blend","MSW","2016-07-03","MSW-798","Edmonton","813.3","42.3","0.41","1.6","5","10","","0.39","4.42","5.06","7.38","9.25","6.65","3.28","","0.32","1.13","0.21","1.37","0.24","3.17","3.91","6.02","7.82","5.78","2.91","-","0.35","1.21","0.22","1.46","","","","","","","","","","","","",""
"Mixed Sweet Blend","MSW","2016-06-07","MSW-633","Edmonton","817.5","41.4","0.41","1.7","5","11","","0.49","4.16","5.48","7.55","9.17","6.87","3.59","","0.31","1.03","0.23","1.32","0.3","2.97","4.21","6.13","7.71","5.94","3.17","-","0.34","1.1","0.25","1.4","27.8","68.7","100.9","142.3","189.4","248.9","307.2","369.4","436.2","530","594.8","670.3",""
"Mixed Sweet Blend","MSW","2016-05-18","MSW-758","Edmonton","820.1","40.9","0.46","1.9","","","","0.42","4.74","4.67","6.6","8.42","6.28","3.33","","0.26","0.92","0.2","1.18","0.26","3.37","3.58","5.34","7.06","5.41","2.93","-","0.28","0.98","0.21","1.25","27.8","68.7","110.6","151.5","208.2","265.5","322.9","386.6","456.5","553.4","624.7","",""
"Mixed Sweet Blend","MSW","2016-05-01","MSW-990","Edmonton","817.6","41.4","0.45","1.6","5","11","","0.34","4.44","3.8","6.22","7.9","6.33","3.46","","0.23","0.8","0.19","1.15","0.21","3.17","2.92","5.05","6.64","5.47","3.05","-","0.25","0.85","0.2","1.22","","","","","","","","","","","","",""
"Mixed Sweet Blend","MSW","2016-04-02","MSW-894","Edmonton","823.3","40.2","0.43","2","5","11","","0.31","4.39","4.11","5.8","7.35","5.31","2.81","","0.23","0.85","0.16","1.03","0.19","3.11","3.14","4.67","6.14","4.56","2.46","-","0.25","0.9","0.17","1.09","36.1","71.8","124.1","173","233.5","293.5","351.8","415.5","488","595.8","691.7","",""
"Mixed Sweet Blend","MSW","2016-03-28","MSW-692","Edmonton","819.8","41","0.41","1.7","5","10","","0.47","5.1","4.27","6.49","8.17","6.29","3.39","","0.25","0.88","0.2","1.17","0.29","3.63","3.27","5.25","6.85","5.42","2.98","-","0.27","0.93","0.21","1.24","","","","","","","","","","","","",""
"Mixed Sweet Blend","MSW","2016-03-11","MSW-952","Edmonton","826.9","39.5","0.41","1.8","","","","0.48","4.75","4","6.17","8.02","6.25","3.42","","0.25","0.85","0.22","1.13","0.29","3.35","3.04","4.95","6.66","5.34","2.98","-","0.27","0.9","0.23","1.18","36.1","68.7","117.7","159.1","217.5","271.2","323.3","380.1","441.8","524.5","588.8","668.2",""
"Mixed Sweet Blend","MSW","2016-02-03","MSW-883","Edmonton","822.6","40.4","0.47","1.9","6","13","","0.41","4.52","3.73","5.8","7.36","5.81","3.16","","0.23","0.76","0.2","1.03","0.25","3.21","2.85","4.68","6.15","4.99","2.77","-","0.25","0.81","0.21","1.09","36.1","71.8","124.1","166.4","221.6","276","330.4","389.8","453.5","542.5","608.4","690.4",""
"Mixed Sweet Blend","MSW","2016-01-12","MSW-724","Edmonton","821.4","40.6","0.47","1.9","","","","0.46","4.82","4.34","6.02","7.32","5.83","3.22","","0.22","0.69","0.2","0.99","0.28","3.42","3.32","4.86","6.13","5.01","2.83","-","0.24","0.73","0.21","1.05","27.8","68.7","118.5","162.3","220.7","278.9","336.8","401.8","470.8","573.5","661","",""
"Mixed Sweet Blend","MSW","2016-01-05","MSW-730","Edmonton","818.6","41.2","0.44","1.6","5","13","","0.52","4.85","4.02","6.22","7.92","6.23","3.34","","0.24","0.82","0.2","1.16","0.32","3.46","3.09","5.04","6.65","5.38","2.94","-","0.26","0.87","0.21","1.23","","","","","","","","","","","","",""
"Mixed Sweet Blend","MSW","2015-12-03","MSW-755","Edmonton","817.5","41.4","0.42","1.8","6","11","","0.7","4.72","4.43","6.69","7.86","7.68","5.53","2.64","0.3","0.9","0.24","1.18","0.42","3.37","3.41","5.43","6.61","6.64","4.88","2.37","0.32","0.96","0.26","1.25","49","92.7","136.8","185.6","240.5","295.3","350.5","412.6","481.9","585.3","672.1","",""
"Mixed Sweet Blend","MSW","2015-11-04","MSW-980","Edmonton","818.1","41.3","0.41","1.7","4","9","","0.49","4.63","3.82","6.47","7.89","7.53","5.35","2.59","0.31","0.99","0.23","1.19","0.3","3.3","2.93","5.25","6.63","6.5","4.72","2.32","0.33","1.05","0.24","1.26","50.4","81.8","131","176.3","229","285.1","341.5","405.6","477","587.2","688.4","",""
"Mixed Sweet Blend","MSW","2015-10-04","MSW-901","Edmonton","819.7","41","0.47","2","5","12","","0.54","4.73","3.49","5.68","7.02","7.07","5.85","2.4","0.19","0.57","0.2","0.73","0.32","3.36","2.68","4.6","5.89","6.1","5.15","2.15","0.2","0.61","0.21","0.77","35.4","69.8","124.8","174.1","232.8","289.5","345.7","409.5","478.1","579.7","661","",""
"Mixed Sweet Blend","MSW","2015-09-01","MSW-853","Edmonton","816.2","41.7","0.48","1.8","6","13","ND","0.53","4.59","4.34","6.68","8.05","8.1","6.45","2.47","0.28","0.89","0.23","1.14","0.32","3.28","3.34","5.43","6.78","7.01","5.7","2.22","0.3","0.95","0.25","1.21","","","","","","","","","","","","",""
"Mixed Sweet Blend","MSW","2015-08-25","MSW-808","Edmonton","823.2","40.2","0.42","1.8","5","9","","0.48","4.42","3.87","5.77","7.03","7.3","5.96","2.42","0.24","0.76","0.24","1.04","0.29","3.13","2.95","4.65","5.87","6.26","5.22","2.16","0.26","0.8","0.25","1.1","49.6","94.9","139.7","189.7","244.8","298.2","352.8","414.1","485","596.7","711.8","",""
"Mixed Sweet Blend","MSW","2015-07-03","MSW-783","Edmonton","815","42","0.4","1.7","5","10","","0.55","4.54","4.95","7.38","8.79","8.13","5.82","2.6","0.34","1.08","0.23","1.26","0.33","3.25","3.81","6.01","7.41","7.04","5.15","2.34","0.37","1.15","0.25","1.34","47.4","79.7","118","165.7","223.5","281.9","339.9","405.5","478.7","588.8","690.9","",""
"Mixed Sweet Blend","MSW","2015-06-02","MSW-959","Edmonton","820.1","40.9","0.35","1.3","3","7","","0.38","3.76","4.7","7.17","8.33","7.69","5.34","2.68","0.33","1.06","0.24","1.3","0.23","2.67","3.6","5.8","6.98","6.62","4.7","2.4","0.36","1.13","0.25","1.37","46.6","79.5","123.9","172.9","231.4","285.3","337","395.7","462.1","569.1","672.3","",""
"Mixed Sweet Blend","MSW","2015-05-03","MSW-851","Edmonton","822.9","40.3","0.4","1.9","6","12","","0.51","4.3","3.77","6.18","7.98","8.11","6.57","2.81","0.23","0.85","0.24","1.03","0.31","3.05","2.88","4.98","6.66","6.96","5.76","2.5","0.25","0.9","0.25","1.09","43.8","90.8","127.4","172.8","228.4","285.3","341","398.3","476","577.2","654.3","",""
"Mixed Sweet Blend","MSW","2015-04-05","MSW-737","Edmonton","812.5","42.5","0.36","1.6","4","8","","0.55","4.43","3.78","6.28","7.64","7.26","5.47","2.34","0.26","0.79","0.21","1.04","0.33","3.18","2.92","5.13","6.47","6.31","4.86","2.11","0.28","0.85","0.23","1.11","","","","","","","","","","","","",""
"Mixed Sweet Blend","MSW","2015-03-02","MSW-862","Edmonton","822.4","40.4","0.5","2.1","7","16","","0.46","4.34","3.32","5.85","7.58","7.58","6","2.55","0.23","0.8","0.24","1","0.28","3.08","2.54","4.72","6.34","6.51","5.26","2.27","0.25","0.85","0.25","1.05","44.1","78.4","133.4","185.6","243.2","299.5","359.2","425","504.1","636.1","","",""
"Mixed Sweet Blend","MSW","2015-02-17","MSW-903","Edmonton","813.4","42.3","0.37","1.7","4","8","","0.53","4.41","3.22","5.97","7.85","8.11","6.64","2.89","0.25","0.86","0.27","1.24","0.32","3.16","2.49","4.87","6.63","7.04","5.89","2.61","0.27","0.92","0.29","1.32","46.9","85.7","132","180","235.7","290.4","344.4","406.8","475","576","662.1","",""
"Mixed Sweet Blend","MSW","2015-01-19","MSW-707","Edmonton","820.7","40.8","0.39","1.7","5","10","","0.72","5.01","3.82","5.91","6.95","6.81","5.81","2.36","0.23","0.62","0.17","0.63","0.43","3.56","2.93","4.78","5.82","5.86","5.11","2.11","0.25","0.66","0.18","0.67","47","88","132.2","184.4","242.2","297.7","353.6","416.2","485.3","587.7","674","",""
"Mixed Sweet Blend","MSW","2014-12-09","MSW-844","Edmonton","822.1","40.5","0.31","1.8","4","5","","0.87","5.05","3.74","6.1","7.25","7.18","5.46","2.42","0.25","0.71","0.23","0.97","0.52","3.58","2.86","4.92","6.06","6.17","4.79","2.16","0.27","0.75","0.24","1.02","44.1","85.7","133.9","189.2","246.4","300.9","359","421","492.1","597","693.8","",""
"Mixed Sweet Blend","MSW","2014-11-13","MSW-672","Edmonton","822.4","40.4","0.46","1.9","6","13","","0.75","4.87","3.91","6.07","6.94","6.67","4.96","2.06","0.27","0.74","0.22","0.94","0.45","3.45","2.99","4.9","5.8","5.73","4.35","1.84","0.29","0.78","0.23","0.99","","","","","","","","","","","","",""
"Mixed Sweet Blend","MSW","2014-10-10","MSW-684","Edmonton","823.8","40.1","0.41","2.1","6","11","","0.57","4.62","3.31","4.99","6.17","6.52","5.32","2.15","0.17","0.58","0.23","0.83","0.35","3.27","2.52","4.02","5.15","5.59","4.66","1.91","0.18","0.61","0.24","0.87","34.6","69.9","117.7","174","235","294","353.6","419.9","494.9","616.5","","",""
"Mixed Sweet Blend","MSW","2014-09-10","MSW-742","Edmonton","819.5","41","0.41","1.7","4","8","ND","0.62","4.51","3.76","6.11","7.69","7.59","5.62","2.48","0.25","0.87","0.23","1.15","0.37","3.21","2.88","4.95","6.45","6.54","4.95","2.22","0.27","0.93","0.24","1.22","45.7","102.2","141","194.1","252.3","308.5","363.2","427.1","507.5","633.3","","",""
"Mixed Sweet Blend","MSW","2014-08-15","MSW-641","Edmonton","833.9","38","0.41","1.7","4","8","","0.7","4.26","3.58","5.98","7.36","7.32","5.45","2.58","0.24","0.73","0.21","0.95","0.41","2.98","2.7","4.76","6.06","6.2","4.71","2.27","0.25","0.76","0.22","0.99","57.8","97.6","140.5","192.3","248.2","301.9","355.6","415","486.3","587","675.2","",""
"Mixed Sweet Blend","MSW","2014-07-29","MSW-963","Edmonton","820.5","40.8","0.43","1.7","4","10","","0.62","4.19","3.42","6.08","7.65","7.49","5.27","2.7","0.29","0.93","0.24","1.16","0.37","2.98","2.62","4.92","6.41","6.45","4.63","2.41","0.31","0.99","0.25","1.23","47.1","90.6","139","190.2","248.3","303.3","361.1","423.8","499.6","619.6","","",""
"Mixed Sweet Blend","MSW","2014-06-12","MSW-952","Edmonton","822.1","40.5","0.4","2.1","6","11","","0.67","4.6","3.41","5.8","7.15","7.32","5.64","2.39","0.24","0.74","0.24","1.06","0.4","3.26","2.61","4.68","5.98","6.29","4.95","2.13","0.26","0.78","0.25","1.12","35.9","78","129.5","186","247.1","305.1","366.8","433.1","515.6","661.7","","",""
"Mixed Sweet Blend","MSW","2014-05-31","MSW-853","Edmonton","820.9","40.7","0.32","1.8","4","6","","0.41","3.48","2.76","4.84","6.12","6.31","4.81","2.11","0.28","0.84","0.27","1.11","0.25","2.48","2.11","3.91","5.13","5.43","4.23","1.89","0.3","0.89","0.29","1.17","","","","","","","","","","","","",""
"Mixed Sweet Blend","MSW","2014-04-24","SW-672","Edmonton","822.7","40.4","0.36","1.8","4","7","","0.77","4.7","3.65","5.94","7.05","6.96","5.17","2.27","0.25","0.74","0.23","0.97","0.46","3.33","2.79","4.79","5.89","5.98","4.54","2.02","0.27","0.78","0.24","1.02","35.3","83.8","107","161.2","217.2","275.2","334","396.9","471.6","572.2","649.5","",""
"Mixed Sweet Blend","MSW","2014-03-28","SW-794","Edmonton","825.9","39.7","0.42","1.9","4","8","ND","0.69","4.87","3.46","5.73","6.86","6.77","5.09","2.18","0.24","0.71","0.23","0.94","0.41","3.44","2.63","4.6","5.71","5.79","4.44","1.93","0.26","0.75","0.24","0.99","","","","","","","","","","","","",""
"Mixed Sweet Blend","MSW","2014-02-01","SW-900","Edmonton","822.6","40.4","0.36","1.9","4","8","","0.72","4.71","3.22","5.46","6.61","6.28","4.5","1.88","0.23","0.7","0.2","0.87","0.43","3.34","2.46","4.41","5.53","5.39","3.95","1.68","0.25","0.74","0.21","0.92","","","","","","","","","","","","",""
"Mixed Sweet Blend","MSW","2013-12-17","SW-866","Edmonton","825.4","39.8","0.37","1.6","","","","0.48","4.4","3.24","6.02","7.44","7.06","4.99","2.26","0.26","0.87","0.23","1.08","0.29","3.11","2.47","4.84","6.2","6.04","4.36","2.01","0.28","0.92","0.24","1.13","","","","","","","","","","","","",""
"Mixed Sweet Blend","MSW","2013-12-01","SW-892","Edmonton","824.9","39.9","0.38","1.7","4","6","","0.6","4.9","3.5","5.94","7.13","6.82","4.79","2.19","0.26","0.8","0.22","1.01","0.36","3.46","2.66","4.78","5.94","5.84","4.19","1.95","0.28","0.84","0.23","1.06","","","","","","","","","","","","",""
"Mixed Sweet Blend","MSW","2013-11-20","SW-646","Edmonton","824.9","39.9","0.44","1.8","","","","0.52","4.7","3.37","5.73","6.98","6.8","5.05","2.33","0.22","0.71","0.21","0.89","0.32","3.32","2.57","4.61","5.81","5.82","4.41","2.07","0.24","0.75","0.22","0.94","","","","","","","","","","","","",""
"Mixed Sweet Blend","MSW","2013-11-01","SW-666","Edmonton","823.9","40.1","0.35","1.6","3","6","","0.64","4.84","3.44","5.81","7.11","6.85","5.01","2.29","0.22","0.73","0.21","0.92","0.38","3.42","2.62","4.68","5.93","5.87","4.38","2.04","0.24","0.77","0.22","0.97","","","","","","","","","","","","",""
"Mixed Sweet Blend","MSW","2013-10-17","SW-945","Edmonton","827.1","39.4","0.38","1.7","","","","0.46","4.21","3.08","5.57","7.04","6.9","5.14","2.23","0.22","0.75","0.21","0.91","0.28","2.97","2.34","4.47","5.85","5.89","4.48","1.98","0.24","0.79","0.22","0.95","38.2","87.6","123.1","178.7","243.6","302.1","364.1","428.8","512","650.2","","",""
"Mixed Sweet Blend","MSW","2013-10-01","SW-752","Edmonton","824","40.1","0.36","1.8","4","7","","0.43","3.92","3.06","5.7","7.3","7.26","5.46","2.38","0.24","0.75","0.23","0.94","0.26","2.77","2.33","4.59","6.09","6.22","4.78","2.12","0.26","0.79","0.24","0.99","","","","","","","","","","","","",""
"Mixed Sweet Blend","MSW","2013-09-03","SW-764","Edmonton","821.2","40.7","0.35","1.6","4","8","","0.26","2.68","2.41","5.29","7.9","8.8","7.21","3.47","0.23","0.91","0.27","1.36","0.16","1.91","1.84","4.27","6.61","7.57","6.33","3.1","0.25","0.97","0.29","1.44","","","","","","","","","","","","",""
"Mixed Sweet Blend","MSW","2013-09-01","SW-974","Edmonton","825.9","39.7","0.36","1.6","","","","0.23","2.42","2.59","5.65","8.34","9.37","7.79","3.83","0.23","0.94","0.29","1.45","0.14","1.71","1.97","4.54","6.94","8.01","6.8","3.4","0.25","0.99","0.31","1.52","","","","","","","","","","","","",""
"Mixed Sweet Blend","MSW","2013-08-03","SW-905","Edmonton","820.4","40.8","0.34","1.6","3","5","","0.49","3.8","3.48","6.27","8.26","8.69","6.69","3.23","0.3","1.03","0.29","1.41","0.29","2.7","2.67","5.07","6.92","7.48","5.88","2.89","0.32","1.09","0.31","1.49","","","","","","","","","","","","",""
"Mixed Sweet Blend","MSW","2013-08-02","SW-620","Edmonton","822.4","40.4","0.35","1.7","","","","0.47","4.33","3.52","6.09","7.47","7.23","5.1","2.32","0.27","0.88","0.24","1.1","0.29","3.07","2.69","4.91","6.24","6.21","4.47","2.07","0.29","0.93","0.25","1.16","","","","","","","","","","","","",""
"Mixed Sweet Blend","MSW","2013-07-01","SW-619","Edmonton","824.4","40","0.38","1.8","4","9","","0.51","4.55","3.83","6.24","7.58","7.18","5.03","2.26","0.29","0.89","0.23","1.09","0.31","3.23","2.92","5.02","6.32","6.15","4.4","2.01","0.31","0.94","0.24","1.15","","","","","","","","","","","","",""
"Mixed Sweet Blend","MSW","2013-07-01","SW-769","Edmonton","827.2","39.4","0.4","2","","","","0.53","4.49","3.77","5.97","7.26","7.17","5.31","2.43","0.27","0.81","0.25","1.05","0.32","3.17","2.86","4.79","6.03","6.12","4.63","2.15","0.29","0.85","0.26","1.1","","","","","","","","","","","","",""
"Mixed Sweet Blend","MSW","2013-06-01","SW-615","Edmonton","830.5","38.7","0.36","1.8","4","6","","0.61","4.65","3.47","5.26","6.54","6.49","4.84","2.23","0.23","0.68","0.22","0.91","0.36","3.27","2.62","4.2","5.41","5.52","4.21","1.97","0.24","0.71","0.23","0.95","","","","","","","","","","","","",""
"Mixed Sweet Blend","MSW","2013-06-01","SW-650","Edmonton","824.9","39.9","0.42","1.6","","","","0.64","3.97","3.74","6.01","7.31","7.12","5.2","2.4","0.27","0.8","0.23","1.07","0.38","2.81","2.85","4.83","6.09","6.09","4.55","2.13","0.29","0.84","0.24","1.12","","","","","","","","","","","","",""
"Mixed Sweet Blend","MSW","2013-05-01","SW-730","Edmonton","829.5","38.9","0.36","1.8","4","4","","0.66","3.88","3.34","5.36","6.5","6.62","5.25","2.27","0.23","0.67","0.23","0.91","0.39","2.73","2.53","4.29","5.39","5.64","4.57","2.01","0.25","0.7","0.24","0.95","44.1","99.1","132.9","193.8","260.2","322.6","391.8","465.2","572.7","","","",""
"Mixed Sweet Blend","MSW","2013-05-01","SW-730-1","Edmonton","830.2","38.8","0.34","1.8","","","","0.61","3.51","3.23","5.29","6.39","6.42","5.03","2.21","0.22","0.65","0.22","0.88","0.36","2.47","2.44","4.23","5.29","5.46","4.37","1.95","0.23","0.68","0.23","0.92","","","","","","","","","","","","",""
"Mixed Sweet Blend","MSW","2013-04-02","SW-802","Edmonton","812.9","42.4","0.37","1.6","","","","0.53","4.24","7.19","8.09","8.02","7.07","5.36","2.38","0.38","0.95","0.23","1.09","0.32","3.05","5.55","6.6","6.78","6.14","4.75","2.15","0.41","1.02","0.25","1.16","","","","","","","","","","","","",""
"Mixed Sweet Blend","MSW","2013-04-01","SW-824","Edmonton","827.8","39.3","0.4","1.9","4","8","","0.43","4.06","3.24","5.37","6.65","6.64","5.38","2.29","0.22","0.67","0.23","0.91","0.26","2.87","2.46","4.3","5.52","5.66","4.69","2.03","0.23","0.7","0.24","0.95","36.8","91.2","117.9","166.3","220.2","275.4","330.5","391.3","454.5","538.4","603.4","",""
"Mixed Sweet Blend","MSW","2013-03-01","SW-977","Edmonton","830.1","38.8","0.46","1.8","4","9","ND","0.16","1.96","2.28","5.23","7.86","8.91","7.26","3.5","0.27","0.93","0.32","1.28","0.1","1.38","1.73","4.18","6.51","7.58","6.31","3.09","0.29","0.98","0.34","1.34","","","","","","","","","","","","",""
"Mixed Sweet Blend","MSW","2013-03-01","SW-985","Edmonton","826.5","39.6","0.42","1.7","","","","0.11","1.88","2.08","5.21","8.02","8.79","7.13","3.52","0.25","0.96","0.3","1.32","0.07","1.33","1.58","4.18","6.67","7.51","6.22","3.12","0.27","1.01","0.32","1.39","","","","","","","","","","","","",""
"Mixed Sweet Blend","MSW","2013-02-02","SW-776","Edmonton","833.8","38","0.44","1.9","","","","0.45","4.74","3.08","5.4","6.76","6.48","4.92","2.21","0.22","0.71","0.21","0.9","0.27","3.31","2.32","4.29","5.57","5.49","4.25","1.94","0.23","0.74","0.22","0.94","","","","","","","","","","","","",""
"Mixed Sweet Blend","MSW","2013-02-01","SW-926","Edmonton","829.8","38.9","0.46","2","5","15","","0.57","4.77","3.13","5.54","6.88","6.7","5.13","2.27","0.23","0.71","0.22","0.93","0.34","3.35","2.37","4.43","5.7","5.7","4.46","2.01","0.24","0.74","0.23","0.97","","","","","","","","","","","","",""
"Mixed Sweet Blend","MSW","2013-01-02","SW-815","Edmonton","827.6","39.3","0.41","1.9","","","","0.54","4.21","3.28","5.48","6.71","6.69","5.12","2.34","0.22","0.67","0.23","0.89","0.33","2.97","2.49","4.39","5.58","5.71","4.46","2.07","0.24","0.71","0.24","0.93","","","","","","","","","","","","",""
"Mixed Sweet Blend","MSW","2013-01-01","SW-613","Edmonton","827.8","39.3","0.38","1.8","3","8","","0.49","4.31","2.99","5.52","6.97","6.71","4.92","2.26","0.22","0.74","0.21","0.94","0.3","3.03","2.27","4.42","5.78","5.72","4.28","2","0.23","0.78","0.22","0.98","35.7","78.1","125.5","179.5","242.5","299.2","355.9","417.7","485.9","587.2","668.3","",""
"Mixed Sweet Blend","MSW","2012-12-02","SW-851","Edmonton","828.3","39.2","0.41","1.7","","","","0.49","4.2","3.02","5.27","6.59","6.72","5.67","2.36","0.2","0.64","0.22","0.86","0.3","2.96","2.29","4.22","5.47","5.73","4.94","2.09","0.21","0.67","0.23","0.9","","","","","","","","","","","","",""
"Mixed Sweet Blend","MSW","2012-12-02","SW-900","Edmonton","828.2","39.2","0.37","1.7","3","6","","0.49","4.14","3.08","5.37","6.7","6.67","5.42","2.22","0.2","0.66","0.21","0.87","0.3","2.91","2.34","4.3","5.56","5.69","4.72","1.97","0.21","0.69","0.22","0.91","","","","","","","","","","","","",""
"Mixed Sweet Blend","MSW","2012-11-02","SW-893","Edmonton","825.3","39.8","0.45","2","","","","0.6","4.59","3.06","5.29","6.72","6.86","5.57","2.55","0.26","0.73","0.24","0.96","0.36","3.24","2.33","4.25","5.6","5.87","4.87","2.27","0.28","0.77","0.25","1.01","","","","","","","","","","","","",""
"Mixed Sweet Blend","MSW","2012-11-01","SW-744","Edmonton","829.7","38.9","0.37","2","4","6","","0.48","4.35","2.83","5.23","6.77","6.84","5.58","2.61","0.22","0.7","0.22","0.94","0.29","3.06","2.14","4.18","5.61","5.83","4.85","2.31","0.23","0.74","0.23","0.98","","","","","","","","","","","","",""
"Mixed Sweet Blend","MSW","2012-10-01","SW-817","Edmonton","832.8","38.3","0.46","2.1","6","13","","0.58","4.77","2.98","5.39","6.55","6.61","3.83","2.32","0.2","0.66","0.19","1.05","0.34","3.33","2.25","4.29","5.4","5.6","3.32","2.04","0.21","0.69","0.2","1.09","","","","","","","","","","","","",""
"Mixed Sweet Blend","MSW","2012-10-01","SW-818","Edmonton","826.1","39.6","0.4","1.9","","","","0.35","3.56","2.97","5.48","6.84","6.86","5.43","2.48","0.27","0.8","0.24","0.99","0.21","2.51","2.26","4.4","5.69","5.86","4.74","2.2","0.29","0.84","0.25","1.04","58.1","86.8","135.5","195.3","256.6","315.5","379.7","448.5","537.6","","","",""
"Mixed Sweet Blend","MSW","2012-09-01","SW-713","Edmonton","828.3","39.2","0.47","2","","","","0.49","4.09","3.09","5.24","6.72","7.18","5.82","2.89","0.23","0.71","0.27","0.98","0.3","2.88","2.34","4.2","5.58","6.12","5.07","2.56","0.25","0.75","0.28","1.03","","","","","","","","","","","","",""
"Mixed Sweet Blend","MSW","2012-09-01","SW-917","Edmonton","832.3","38.4","0.39","1.8","4","6","","0.43","3.87","3.16","4.89","6.04","6.3","4.96","2.59","0.21","0.61","0.21","0.81","0.26","2.71","2.39","3.9","4.99","5.35","4.3","2.28","0.22","0.64","0.22","0.84","","","","","","","","","","","","",""
"Mixed Sweet Blend","MSW","2012-08-02","SW-852","Edmonton","834.8","37.8","0.82","2.2","4","9","","0.58","4.61","3.25","5.34","6.62","5.21","5.12","2.38","0.24","0.72","0.23","0.95","0.34","3.22","2.44","4.24","5.45","4.41","4.42","2.09","0.25","0.75","0.24","0.99","","","","","","","","","","","","",""
"Mixed Sweet Blend","MSW","2012-08-02","SW-890","Edmonton","831","38.6","0.42","2.1","","","","0.59","4.86","3.3","5.22","6.33","5.07","5.07","2.33","0.22","0.66","0.24","0.88","0.36","3.41","2.49","4.17","5.23","4.31","4.4","2.06","0.23","0.69","0.25","0.92","","","","","","","","","","","","",""
"Mixed Sweet Blend","MSW","2012-07-03","SW-889","Edmonton","830.2","38.8","0.4","2","5","9","","0.51","4.05","3.05","5.24","6.71","6.99","5.55","2.55","0.23","0.67","0.24","0.95","0.31","2.85","2.31","4.19","5.56","5.95","4.82","2.25","0.24","0.7","0.25","0.99","38.4","81.1","130.8","184.3","242.8","299","354.8","417.3","486.7","591.5","686.3","",""
"Mixed Sweet Blend","MSW","2012-07-02","SW-774","Edmonton","829.5","38.9","0.44","1.9","","","ND","0.45","4.02","3.25","5.49","6.93","6.8","5.17","2.49","0.23","0.76","0.22","0.98","0.27","2.83","2.46","4.39","5.74","5.79","4.5","2.2","0.25","0.8","0.23","1.02","","","","","","","","","","","","",""
"Mixed Sweet Blend","MSW","2012-06-02","SW-642","Edmonton","834.9","37.8","0.46","2","","","","0.28","3.69","2.93","5.34","6.85","6.77","5.28","2.61","0.24","0.8","0.23","1","0.17","2.58","2.2","4.24","5.64","5.73","4.56","2.29","0.25","0.83","0.24","1.04","","","","","","","","","","","","",""
"Mixed Sweet Blend","MSW","2012-06-02","SW-809","Edmonton","829.4","39","0.47","2","5","","","0.56","4.55","3.1","5.51","7","6.96","5.27","2.51","0.25","0.81","0.23","1.01","0.33","3.2","2.35","4.41","5.8","5.93","4.58","2.22","0.27","0.85","0.24","1.06","","","","","","","","","","","","",""
"Mixed Sweet Blend","MSW","2012-05-01","SW-693","Edmonton","828","39.3","0.37","2.1","5","7","","0.62","3.81","3.32","5.3","6.61","6.8","5.53","2.72","0.22","0.62","0.23","0.89","0.37","2.68","2.52","4.25","5.49","5.8","4.82","2.41","0.23","0.65","0.24","0.93","","","","","","","","","","","","",""
"Mixed Sweet Blend","MSW","2012-05-01","SW-865","Edmonton","831.5","38.5","0.39","2.1","","","","0.59","3.95","2.75","4.46","5.67","6.14","5.03","2.39","0.19","0.52","0.23","0.8","0.35","2.77","2.08","3.56","4.69","5.22","4.36","2.11","0.2","0.54","0.24","0.83","","","","","","","","","","","","",""
"Mixed Sweet Blend","MSW","2012-04-02","SW-789","Edmonton","830.6","38.7","0.42","2.1","4","8","","0.48","3.99","3.11","5.13","6.39","6.67","5.2","2.59","0.23","0.71","0.25","0.95","0.29","2.81","2.35","4.1","5.29","5.67","4.52","2.29","0.24","0.74","0.26","0.99","","","","","","","","","","","","",""
"Mixed Sweet Blend","MSW","2012-04-01","SW-842","Edmonton","826.8","39.5","0.43","1.9","","","","0.54","4.04","3.14","5.46","6.88","7.08","5.56","2.82","0.25","0.73","0.25","1.01","0.32","2.85","2.38","4.38","5.72","6.05","4.85","2.5","0.27","0.77","0.26","1.06","37.7","84.2","127.7","174.6","228.6","283.8","337.9","400","465.8","557.7","629","",""
"Mixed Sweet Blend","MSW","2012-03-02","SW-847","Edmonton","822.6","40.4","0.35","1.7","4","8","","0.54","4.21","3.89","6.1","7.34","7.27","5.5","2.78","0.26","0.79","0.24","1.04","0.32","2.98","2.97","4.92","6.14","6.25","4.83","2.48","0.28","0.84","0.25","1.1","","","","","","","","","","","","",""
"Mixed Sweet Blend","MSW","2012-03-01","SW-886","Edmonton","829.7","38.9","0.41","2","","","","0.51","4.21","2.93","5.33","6.87","7.08","5.53","2.85","0.23","0.74","0.24","1.02","0.31","2.96","2.22","4.26","5.69","6.03","4.81","2.52","0.25","0.78","0.25","1.07","","","","","","","","","","","","",""
"Mixed Sweet Blend","MSW","2012-02-02","SW-818","Edmonton","828.4","39.2","0.43","2.2","4","8","","0.38","2.93","2.63","5.21","7.35","8.22","6.82","3.16","0.23","0.74","0.28","1.15","0.23","2.06","2","4.17","6.1","7.01","5.94","2.8","0.25","0.78","0.29","1.2","","","","","","","","","","","","",""
"Mixed Sweet Blend","MSW","2012-02-01","SW-785","Edmonton","828","39.3","0.37","1.7","","","","0.31","2.93","2.33","5.14","7.36","7.99","6.51","3.1","0.22","0.84","0.27","1.22","0.19","2.06","1.77","4.12","6.11","6.81","5.67","2.74","0.23","0.88","0.28","1.28","","","","","","","","","","","","",""
"Mixed Sweet Blend","MSW","2012-01-05","SW-640","Edmonton","827.2","39.4","0.37","1.8","","","ND","0.07","1.95","2.4","5.4","7.32","7.48","5.95","2.68","0.22","0.79","0.24","1.06","0.04","1.38","1.82","4.33","6.08","6.39","5.19","2.38","0.24","0.83","0.25","1.11","37.3","82","123.3","174","233.5","288.9","344.2","405.9","470.6","559.6","626.8","715.1",""
"Mixed Sweet Blend","MSW","2012-01-04","SW-618","Edmonton","830.9","38.7","0.44","2.1","4","9","","0.61","4.27","3.2","5.24","6.49","6.68","5.46","2.41","0.22","0.62","0.23","0.88","0.36","2.99","2.42","4.18","5.37","5.68","4.74","2.13","0.23","0.65","0.24","0.92","","","","","","","","","","","","",""
"Mixed Sweet Blend","MSW","2011-12-25","SW-612","Edmonton","831.2","38.6","0.43","2.2","4","10","","0.56","4.41","3.06","5.44","6.82","6.85","5.43","2.33","0.21","0.71","0.23","0.98","0.33","3.09","2.31","4.34","5.64","5.82","4.71","2.06","0.22","0.74","0.24","1.02","","","","","","","","","","","","",""
"Mixed Sweet Blend","MSW","2011-12-25","SW-722","Edmonton","827.2","39.4","0.43","2.4","","","","0.59","4.43","3.07","5.15","6.51","6.85","5.63","2.39","0.22","0.63","0.24","0.93","0.35","3.12","2.33","4.13","5.41","5.85","4.91","2.12","0.24","0.66","0.25","0.97","79.1","102.1","145.6","196.8","249.4","300.7","350.9","408.1","468.2","551.8","614.5","693.6",""
"Mixed Sweet Blend","MSW","2011-11-12","SW-943","Edmonton","830","38.8","0.44","2.1","5","9","","0.5","4.08","3.12","5.25","6.46","6.63","5.19","2.42","0.23","0.67","0.23","0.91","0.3","2.87","2.36","4.19","5.35","5.64","4.51","2.14","0.24","0.7","0.24","0.95","","","","","","","","","","","","",""
"Mixed Sweet Blend","MSW","2011-11-05","SW-677","Edmonton","830","38.8","0.41","2","","","","0.45","4.14","3.02","5.32","6.64","6.62","5.05","2.37","0.23","0.73","0.21","0.96","0.27","2.91","2.29","4.25","5.5","5.63","4.39","2.09","0.24","0.77","0.22","1","","","","","","","","","","","","",""
"Mixed Sweet Blend","MSW","2011-10-27","SW-892","Edmonton","831.6","38.5","0.41","1.9","4","9","","0.46","3.84","2.83","4.59","5.64","5.96","4.93","2.06","0.19","0.56","0.22","0.83","0.28","2.7","2.14","3.66","4.66","5.06","4.28","1.82","0.2","0.59","0.23","0.87","","","","","","","","","","","","",""
"Mixed Sweet Blend","MSW","2011-10-16","SW-707","Edmonton","829.2","39","0.43","2","","","","0.49","3.98","2.89","4.87","6.01","6.17","5.01","2.08","0.21","0.64","0.22","0.88","0.3","2.8","2.19","3.9","4.98","5.26","4.36","1.84","0.22","0.67","0.23","0.92","","","","","","","","","","","","",""
"Mixed Sweet Blend","MSW","2011-09-25","SW-993","Edmonton","831.4","38.6","0.42","1.9","4","9","","0.33","3.36","2.58","5.41","7.32","7.64","6.14","2.85","0.24","0.85","0.25","1.18","0.2","2.36","1.95","4.32","6.05","6.49","5.33","2.51","0.26","0.89","0.26","1.23","","","","","","","","","","","","",""
"Mixed Sweet Blend","MSW","2011-09-16","SW-725","Edmonton","835","37.8","0.45","2","","","","0.32","3.68","2.77","5.4","7.3","7.65","6.11","2.84","0.26","0.9","0.26","1.23","0.19","2.58","2.09","4.29","6.01","6.48","5.28","2.5","0.28","0.94","0.27","1.28","","","","","","","","","","","","",""
"Mixed Sweet Blend","MSW","2011-08-26","SW-632","Edmonton","825.2","39.8","0.43","2","5","9","","0.54","4.81","3.58","5.61","6.65","6.47","4.79","1.95","0.27","0.76","0.22","1.03","0.32","3.41","2.73","4.52","5.55","5.54","4.19","1.73","0.29","0.8","0.23","1.08","48.1","82.7","127.5","177.8","233.6","288.6","340.3","399.4","463.4","553.8","622.3","692.9",""
"Mixed Sweet Blend","MSW","2011-08-16","SW-666","Edmonton","824.3","40","0.45","2","","","ND","0.59","5.1","3.33","5.85","6.95","6.62","4.76","1.88","0.29","0.84","0.23","1.06","0.35","3.62","2.54","4.71","5.8","5.67","4.17","1.67","0.31","0.89","0.24","1.12","","","","","","","","","","","","",""
"Mixed Sweet Blend","MSW","2011-07-28","SW-837","Edmonton","825.3","39.8","0.44","2.1","5","8","","0.49","4.37","3.11","5.6","7.04","7.06","5.63","2.42","0.24","0.76","0.24","1.11","0.29","3.08","2.37","4.5","5.86","6.04","4.92","2.15","0.26","0.8","0.25","1.17","","","","","","","","","","","","",""
"Mixed Sweet Blend","MSW","2011-07-17","SW-932","Edmonton","823.3","40.2","0.45","2","","","","0.44","4.18","3.07","5.62","7.07","7.06","5.42","2.29","0.25","0.82","0.24","1.15","0.27","2.96","2.34","4.53","5.9","6.06","4.75","2.04","0.27","0.87","0.25","1.21","","","","","","","","","","","","",""
"Mixed Sweet Blend","MSW","2011-06-28","SW-913","Edmonton","825.2","39.8","0.4","1.9","5","8","","0.47","4.32","3.1","5.29","6.73","6.87","5.4","2.49","0.24","0.73","0.23","1.02","0.28","3.06","2.36","4.26","5.61","5.89","4.73","2.22","0.26","0.77","0.24","1.07","","","","","","","","","","","","",""
"Mixed Sweet Blend","MSW","2011-06-18","SW-892","Edmonton","828.2","39.2","0.42","2","","","","0.49","3.83","2.81","5.21","6.67","6.73","5.18","2.36","0.23","0.77","0.22","1.06","0.29","2.7","2.13","4.18","5.54","5.75","4.52","2.09","0.25","0.81","0.23","1.11","","","","","","","","","","","","",""
"Mixed Sweet Blend","MSW","2011-05-23","SW-792","Edmonton","827.5","39.4","0.42","1.9","","","","0.47","4.13","3.08","5.84","7.61","7.77","6.14","2.82","0.27","0.91","0.27","1.22","0.28","2.91","2.34","4.68","6.32","6.63","5.35","2.5","0.29","0.96","0.28","1.28","62.3","88","134.8","189.5","247.6","301.8","358.3","419.4","487.7","592.3","685.1","",""
